<c3p0-config>
    <default-config>
        <property name="user">root</property>
        <property name="password">aneureka</property>
        <property name="driverClass">com.mysql.jdbc.Driver</property>
        <property name="jdbcUrl"><![CDATA[jdbc:mysql://localhost:3306/j2ee?useSSL=false&useUnicode=true&useJDBCCompliantTimezoneShift=true&useLegacyDatetimeCode=false&serverTimezone=UTC&characterEncoding=UTF-8]]></property>
        <property name="initialPoolSize">10</property>
        <property name="maxIdleTime">30</property>
        <property name="maxPoolSize">100</property>
        <property name="minPoolSize">10</property>
        <property name="acquireRetryAttempts">30</property>
        <property name="acquireRetryDelay">1000</property>
    </default-config>
    <named-config name="hiki">
        <property name="user">root</property>
        <property name="password">aneureka</property>
        <property name="driverClass">com.mysql.jdbc.Driver</property>
        <property name="jdbcUrl"><![CDATA[jdbc:mysql://localhost:3306/j2ee?useSSL=false&useUnicode=true&useJDBCCompliantTimezoneShift=true&useLegacyDatetimeCode=false&serverTimezone=UTC&characterEncoding=UTF-8]]></property>
        <property name="initialPoolSize">10</property>
        <property name="maxIdleTime">30</property>
        <property name="maxPoolSize">100</property>
        <property name="minPoolSize">10</property>
        <property name="acquireRetryAttempts">30</property>
        <property name="acquireRetryDelay">1000</property>
    </named-config>
</c3p0-config>