<?xml version='1.0' encoding='UTF-8'?>
<!DOCTYPE hibernate-configuration PUBLIC
        "-//Hibernate/Hibernate Configuration DTD 3.0//EN"
        "http://hibernate.sourceforge.net/hibernate-configuration-3.0.dtd">

<hibernate-configuration>
    <session-factory>

        <!-- Database connection settings -->
        <property name="connection.driver_class">com.mysql.cj.jdbc.Driver</property>
        <property name="connection.url">jdbc:mysql://localhost:3306/j2ee?characterEncoding=UTF-8</property>
        <property name="connection.username">root</property>
        <property name="connection.password">aneureka</property>

        <!-- JDBC connection pool (use the built-in) -->
        <property name="connection.pool_size">1000</property>

        <!-- SQL dialect -->
        <property name="dialect">org.hibernate.dialect.MySQL5Dialect</property>

        <!-- Echo all executed SQL to stdout -->
        <property name="show_sql">true</property>

        <property name="hbm2ddl.auto">update</property>

        <property name="hibernate.current_session_context_class">thread</property>

        <mapping class="cn.edu.nju.model.Customer"/>
        <mapping class="cn.edu.nju.model.Product"/>
        <mapping class="cn.edu.nju.model.Order"/>

    </session-factory>
</hibernate-configuration>